t_ms,rss_mb,stage
13.8,184.189,(other)
63.9,292.422,Register
116.4,504.906,Register
170.2,359.842,Register
223.3,477.544,Register
285.2,414.908,Register
673.8,592.544,Register
736.5,602.112,Register
794.0,615.858,Register
854.3,608.764,Register
908.9,613.663,Register
973.3,626.115,Register
1097.9,569.934,Register
1156.5,577.192,Register
1215.4,571.212,Register
1271.4,619.282,Register
1325.2,648.298,Register
1381.9,664.830,Register
1437.3,721.060,Register
1492.6,743.948,Register
1547.4,682.279,Register
1605.9,772.915,Register
1663.6,803.668,Register
1719.4,837.534,Register
1791.6,856.097,Register
1847.5,865.305,Register
1902.8,914.522,Register
1955.0,928.399,Register
2009.2,938.197,Register
2061.2,938.246,Register
2119.6,955.744,Register
2179.8,955.826,Register
2243.7,952.762,Register
2301.1,951.992,Register
2357.7,953.336,Register
2412.8,953.352,Register
2466.1,952.975,(other)
2516.5,1186.284,Fuse
2568.1,1286.226,Fuse
2637.2,1275.331,Fuse
2713.5,1222.705,Fuse
2793.3,1208.222,Fuse
2843.7,1262.797,Fuse
2898.8,1297.777,Fuse
2953.9,1307.886,Fuse
3005.9,1366.458,Fuse
3056.1,1492.206,Fuse
3111.2,1490.993,Fuse
3166.6,1472.905,Fuse
3221.0,1446.232,Fuse
3272.7,1520.648,Fuse
3322.8,1616.019,Fuse
3377.8,1654.686,Fuse
3433.1,1649.328,Fuse
3488.1,1648.001,Fuse
3543.2,1676.689,Fuse
3598.4,1659.093,Fuse
3656.5,1700.741,Fuse
3707.1,1706.344,Fuse
3762.3,1894.498,Fuse
3817.4,2162.606,Fuse
3870.8,2144.010,Fuse
3929.5,1980.776,Fuse
3979.9,2030.715,Fuse
4032.1,2165.670,Fuse
4087.2,2366.587,Fuse
4141.3,2530.820,Fuse
4196.4,2026.177,Fuse
4251.5,1617.412,Fuse
4306.6,1863.549,Fuse
4361.9,2015.773,Fuse
4414.7,2070.446,Fuse
4470.0,2093.302,Fuse
4542.7,605.848,Fuse
4597.7,1192.460,Fuse
4650.9,1243.791,Fuse
4706.0,1410.974,Fuse
4764.0,1561.592,Fuse
4819.1,1561.854,Fuse
4874.1,1608.335,Fuse
4929.2,1792.590,Fuse
4984.3,2176.418,Fuse
5039.4,1873.052,Fuse
5094.5,1732.919,Fuse
5149.6,1740.227,Fuse
5200.7,1762.886,Fuse
5255.8,1578.484,Fuse
5307.9,1315.078,Fuse
5360.7,1566.147,Fuse
5415.7,1566.179,Fuse
5471.0,1566.179,Fuse
5526.0,1752.039,Fuse
5581.1,1752.056,Fuse
5638.3,1752.252,Fuse
5689.5,1796.407,Fuse
5744.8,1937.326,Fuse
5799.8,1937.310,Fuse
5854.9,2110.292,Fuse
5915.1,2462.597,Fuse
5966.0,2648.162,Fuse
6021.1,2436.137,Fuse
6072.1,2216.755,Fuse
6126.9,2202.534,Fuse
6178.1,2319.155,Fuse
6233.2,2508.177,Fuse
6288.3,2255.159,Fuse
6343.3,1933.214,Fuse
6398.5,2259.321,Fuse
6451.9,2326.659,Fuse
6520.4,2343.174,Fuse
6576.1,2349.908,Fuse
6629.4,2357.182,Fuse
6685.4,2062.385,Fuse
6742.2,1371.406,Fuse
6793.2,1477.444,Fuse
6846.1,1564.787,Fuse
6901.2,1628.602,Fuse
6956.3,1779.483,Fuse
7011.4,1780.597,Fuse
7065.3,1853.293,Fuse
7126.7,2080.506,Fuse
7179.9,1862.124,Fuse
7235.0,1713.046,Fuse
7290.1,1871.282,Fuse
7344.9,1880.949,Fuse
7414.2,1685.570,Fuse
7475.2,957.628,Fuse
7530.3,1534.837,Fuse
7585.3,1739.702,Fuse
7640.4,1740.358,Fuse
7701.1,1786.921,Fuse
7775.1,1879.228,Fuse
7825.8,1881.473,Fuse
7880.9,1845.756,Fuse
7936.0,1802.387,Fuse
7991.0,1747.829,Fuse
8048.1,1724.285,Fuse
8100.3,1710.834,Fuse
8155.4,1703.559,Fuse
8208.5,1683.112,Fuse
8259.9,1648.804,Fuse
8314.9,1735.901,Fuse
8365.0,1837.040,Fuse
8418.8,1656.029,Fuse
8469.0,1580.990,Fuse
8520.5,1499.185,Fuse
8571.0,1474.331,Fuse
8625.5,1501.053,Fuse
8679.5,1467.908,Fuse
8729.6,1493.402,Fuse
8780.0,1553.449,Fuse
8830.1,1608.303,Fuse
8880.3,1745.371,Fuse
8936.7,1902.707,Fuse
8989.1,2049.311,Fuse
9039.5,2194.883,Fuse
9090.8,2346.254,Fuse
9145.8,1945.944,Fuse
9200.9,2100.494,Fuse
9256.0,1614.758,Fuse
9311.1,1972.388,Fuse
9363.9,2110.292,Fuse
9417.3,2164.818,Fuse
9472.8,2197.062,Fuse
9527.9,2214.756,Fuse
9583.0,855.736,Fuse
9639.5,1328.169,Fuse
9691.3,1358.971,Fuse
9746.4,1498.120,Fuse
9801.5,1648.804,Fuse
9856.6,1649.607,Fuse
9907.1,1668.399,Fuse
9957.9,1691.582,Fuse
10010.3,2041.692,Fuse
10061.4,2303.656,Fuse
10125.5,1618.215,Fuse
10180.6,1820.885,Fuse
10234.5,1849.049,Fuse
10289.6,1860.911,Fuse
10340.8,1670.382,Fuse
10391.6,1227.850,Fuse
10446.7,1511.211,Fuse
10501.8,1628.619,Fuse
10556.9,1628.668,Fuse
10607.9,1814.577,Fuse
10663.0,1814.594,Fuse
10716.6,1814.872,Fuse
10771.7,1814.872,Fuse
10825.6,1999.880,Fuse
10875.9,1999.880,Fuse
10931.0,2118.828,Fuse
10990.8,2310.210,Fuse
11041.3,2481.095,Fuse
11091.4,2364.146,Fuse
11145.0,2133.950,Fuse
11195.5,1999.978,Fuse
11248.8,2128.511,Fuse
11307.2,2323.759,Fuse
11362.3,2039.529,Fuse
11417.4,2270.986,Fuse
11471.6,2042.823,Fuse
11526.7,2222.129,Fuse
11588.4,2267.431,Fuse
11644.2,2293.596,Fuse
11699.7,2011.038,Fuse
11754.6,1028.653,Fuse
11809.7,1420.050,Fuse
11864.8,1551.319,Fuse
11917.7,1568.719,Fuse
11972.8,1736.950,Fuse
12027.9,1790.427,Fuse
12083.0,2095.137,Fuse
12138.1,1652.507,Fuse
12202.8,1867.940,Fuse
12260.6,1876.345,Fuse
12336.1,949.830,Fuse
12391.2,1771.946,Fuse
12446.4,1976.812,Fuse
12502.2,2011.546,Fuse
12561.4,2011.906,Fuse
12616.5,2104.541,Fuse
12669.1,2175.533,Fuse
12724.2,2126.610,Fuse
12779.3,2095.579,Fuse
12830.0,2095.235,Fuse
12881.9,2125.431,Fuse
12933.3,2104.787,Fuse
12983.5,2077.622,Fuse
13038.6,2060.321,Fuse
13093.6,2159.788,Fuse
13153.4,2141.880,Fuse
13208.5,2129.002,Fuse
13263.6,2147.238,Fuse
13316.3,2074.509,Fuse
13369.2,2087.764,Fuse
13430.6,2097.562,Fuse
13485.6,2212.299,Fuse
13538.3,2182.070,Fuse
13590.6,2032.255,Fuse
13641.1,1982.628,Fuse
13691.5,2047.410,Fuse
13747.5,2061.533,Fuse
13801.6,2234.466,Fuse
13856.9,2412.085,Fuse
13911.1,2556.084,Fuse
13966.2,2611.806,Fuse
14024.3,2504.311,Fuse
14079.3,2605.449,Fuse
14134.4,2622.030,Fuse
14189.5,2440.659,Fuse
14241.7,2498.249,Fuse
14293.6,1779.843,Fuse
14352.5,2005.320,Fuse
14407.6,2241.298,Fuse
14461.9,1675.297,Fuse
14517.0,1963.327,Fuse
14572.1,2235.695,Fuse
14639.3,2368.324,Fuse
14700.7,2421.735,Fuse
14755.8,2448.163,Fuse
14811.0,2471.641,Fuse
14866.1,2479.161,Fuse
14921.2,780.059,Fuse
14976.4,1192.591,Fuse
15031.5,1270.530,Fuse
15086.5,1380.680,Fuse
15141.3,1473.544,Fuse
15193.9,1473.610,Fuse
15249.0,1584.841,Fuse
15304.8,1615.839,Fuse
15359.9,1983.578,Fuse
15415.0,1729.364,Fuse
15470.1,1623.802,Fuse
15522.0,1630.454,Fuse
15580.8,1650.917,Fuse
15638.4,1654.014,Fuse
15693.5,1294.025,Fuse
15744.0,1434.075,Fuse
15796.2,1434.108,Fuse
15851.2,1619.984,Fuse
15906.3,1650.950,Fuse
15957.9,1651.163,Fuse
16012.3,1651.180,Fuse
16067.4,1836.319,Fuse
16122.5,1867.137,Fuse
16177.6,1932.788,Fuse
16239.0,2265.989,Fuse
16294.0,2600.141,Fuse
16345.2,2586.804,Fuse
16400.2,2482.962,Fuse
16455.3,2707.636,Fuse
16510.4,2354.577,Fuse
16565.4,1978.188,Fuse
16620.5,2335.408,Fuse
16675.9,2349.351,Fuse
16731.1,2368.700,Fuse
16788.1,2384.675,Fuse
16848.4,2092.777,Fuse
16903.5,1170.047,Fuse
16960.1,1291.403,Fuse
17015.2,1291.436,Fuse
17070.2,1351.270,Fuse
17125.3,1482.179,Fuse
17187.0,1639.776,Fuse
17270.9,1229.095,Fuse
17325.9,2051.211,Fuse
17384.3,2256.077,Fuse
17439.3,2290.811,Fuse
17495.8,2295.775,Fuse
17550.8,2332.852,Fuse
17605.6,2480.472,Fuse
17660.7,2482.536,Fuse
17715.8,2444.607,Fuse
17767.6,2420.310,Fuse
17825.4,2438.726,Fuse
17880.7,2447.933,Fuse
17933.4,2453.864,Fuse
17988.5,2418.065,Fuse
18043.6,2390.442,Fuse
18098.1,2429.452,Fuse
18153.2,2404.729,Fuse
18208.2,2413.543,Fuse
18258.5,2412.298,Fuse
18313.6,2368.881,Fuse
18365.9,2387.886,Fuse
18422.2,2462.728,Fuse
18474.0,2438.578,Fuse
18525.4,2481.652,Fuse
18575.5,2424.357,Fuse
18625.7,2383.643,Fuse
18680.8,2455.798,Fuse
18740.2,2478.277,Fuse
18797.2,2518.188,Fuse
18848.1,2643.296,Fuse
18903.2,2884.026,Fuse
18958.3,3046.605,Fuse
19013.4,3158.934,Fuse
19074.6,3326.788,Fuse
19129.6,2557.526,Fuse
19184.7,2558.919,Fuse
19239.1,1995.178,Fuse
19295.0,2331.148,Fuse
19350.2,2450.571,Fuse
19415.5,2548.253,Fuse
19478.2,2634.564,Fuse
19533.5,2676.015,Fuse
19588.8,2694.595,Fuse
19644.1,2288.959,Fuse
19699.3,1197.998,Fuse
19754.5,1331.790,Fuse
19809.5,1351.008,Fuse
19864.7,1460.945,Fuse
19917.6,1553.859,Fuse
19972.7,1602.257,Fuse
20022.8,1664.418,Fuse
20084.1,1797.046,Fuse
20139.2,2079.752,Fuse
20192.2,1552.957,Fuse
20247.3,1692.566,Fuse
20301.7,1699.430,Fuse
20359.6,1525.465,Fuse
20414.7,1408.090,Fuse
20467.9,1476.198,Fuse
20523.0,1569.194,Fuse
20578.1,1673.527,Fuse
20633.1,1693.073,Fuse
20690.9,1693.336,Fuse
20745.9,1693.417,Fuse
20800.3,1878.606,Fuse
20853.3,1909.424,Fuse
20908.3,1991.082,Fuse
20963.4,2279.981,Fuse
21023.2,2572.370,Fuse
21076.2,2612.511,Fuse
21131.2,2640.200,Fuse
21186.3,2845.049,Fuse
21241.4,2451.522,Fuse
21302.7,2242.626,Fuse
21357.8,2390.442,Fuse
21413.3,2394.980,Fuse
21468.5,2399.715,Fuse
21523.7,2118.943,Fuse
21578.8,1250.492,Fuse
21636.5,1250.886,Fuse
21686.9,1343.848,Fuse
21742.0,1438.188,Fuse
21797.1,1513.521,Fuse
21852.2,1686.389,Fuse
21922.1,1705.460,Fuse
21987.9,1282.048,Fuse
22042.9,2030.748,Fuse
22098.0,2273.722,Fuse
22153.1,2339.340,Fuse
22211.2,2348.761,Fuse
22270.9,2535.145,Fuse
22326.0,2535.145,Fuse
22381.0,2563.785,Fuse
22436.1,2526.839,Fuse
22490.0,2522.874,Fuse
22541.1,2563.883,Fuse
22600.4,2559.033,Fuse
22652.7,2544.812,Fuse
22707.8,2526.675,Fuse
22757.9,2497.937,Fuse
22812.9,2568.028,Fuse
22868.0,2581.758,Fuse
22918.6,2583.560,Fuse
22973.7,2672.329,Fuse
23028.7,2522.956,Fuse
23079.5,2544.534,Fuse
23129.6,2652.783,Fuse
23184.7,2713.928,Fuse
23246.1,2724.872,Fuse
23301.2,2490.663,Fuse
23356.4,2374.189,Fuse
23406.5,2345.550,Fuse
23456.7,2498.494,Fuse
23525.9,2681.340,Fuse
23583.3,2853.274,Fuse
23638.4,3022.750,Fuse
23693.1,3219.440,Fuse
23743.6,3468.624,Fuse
23795.9,2783.232,Fuse
23856.1,2785.624,Fuse
23911.1,2131.575,Fuse
23966.2,2426.372,Fuse
24021.3,2642.133,Fuse
24075.8,2724.397,Fuse
24128.3,2746.221,Fuse
24192.2,2771.796,Fuse
24250.4,2779.857,Fuse
24305.6,993.460,Fuse
24355.7,1273.758,Fuse
24410.8,1401.340,Fuse
24469.0,1494.286,Fuse
24524.0,1516.519,Fuse
24581.3,1559.069,Fuse
24636.4,1639.285,Fuse
24689.3,1766.867,Fuse
24744.4,1740.603,Fuse
24799.4,1629.995,Fuse
24867.7,1669.923,Fuse
24923.0,1687.142,Fuse
24976.8,1194.623,Fuse
25031.8,1469.039,Fuse
25086.9,1515.504,Fuse
25139.3,1662.632,Fuse
25189.5,1685.832,Fuse
25249.5,1686.028,Fuse
25304.6,1686.045,Fuse
25361.0,1871.200,Fuse
25412.1,1902.019,Fuse
25463.2,1990.705,Fuse
25526.0,2392.375,Fuse
25581.1,2684.420,Fuse
25636.1,2933.244,Fuse
25691.2,2491.220,Fuse
25743.3,2228.535,Fuse
25798.4,2435.187,Fuse
25862.8,2477.867,Fuse
25924.2,2498.691,Fuse
25981.1,1030.685,Fuse
26036.2,1340.129,Fuse
26090.6,1403.732,Fuse
26145.2,1427.767,Fuse
26200.3,1582.842,Fuse
26262.6,1745.584,Fuse
26320.9,1748.500,Fuse
26374.3,1623.310,Fuse
26424.7,2068.562,Fuse
26475.0,2273.427,Fuse
26527.9,2308.162,Fuse
26585.7,2308.866,Fuse
26639.8,2308.833,Fuse
26697.7,2255.946,Fuse
26780.7,1984.348,Fuse
26832.0,1860.502,Fuse
26885.4,1894.154,Fuse
26937.2,1883.177,Fuse
26992.3,1861.550,Fuse
27047.4,1830.109,Fuse
27104.7,1822.491,Fuse
27158.6,1820.918,Fuse
27209.2,1804.009,Fuse
27259.7,1757.872,Fuse
27313.8,1663.566,Fuse
27368.9,1629.192,Fuse
27426.8,1565.114,Fuse
27481.3,1542.849,Fuse
27536.3,1521.107,Fuse
27589.8,1560.494,Fuse
27648.6,1552.482,Fuse
27700.1,1578.680,Fuse
27757.5,1581.023,Fuse
27809.3,1581.040,Fuse
27864.3,1624.080,Fuse
27915.6,1745.011,Fuse
27970.7,1936.949,Fuse
28020.9,2046.460,Fuse
28080.0,2165.441,Fuse
28130.3,2185.232,Fuse
28183.1,2149.417,Fuse
28233.7,1969.570,Fuse
28290.3,1731.445,Fuse
28342.5,1738.310,Fuse
28398.8,1703.395,Fuse
28449.4,1579.762,Fuse
28499.7,1599.144,Fuse
28550.1,1668.202,Fuse
28605.2,1744.404,Fuse
28660.3,1838.858,Fuse
28719.1,1893.548,Fuse
28779.7,2002.010,Fuse
28830.3,2131.345,Fuse
28884.3,2329.657,Fuse
28934.5,2611.020,Fuse
28993.2,1864.516,Fuse
29053.4,2063.204,Fuse
29108.4,2236.989,Fuse
29161.3,2421.424,Fuse
29213.0,1883.685,Fuse
29266.7,2220.048,Fuse
29318.6,2351.104,Fuse
29389.8,2445.296,Fuse
29452.0,2460.271,Fuse
29509.7,2480.357,Fuse
29561.1,2488.336,Fuse
29616.2,2080.571,Fuse
29670.0,1034.387,Fuse
29725.1,1236.648,Fuse
29783.3,1347.125,Fuse
29838.1,1347.125,Fuse
29893.1,1440.039,Fuse
29948.2,1501.708,Fuse
30003.3,1599.209,Fuse
30058.4,1720.549,Fuse
30119.4,1978.040,Fuse
30174.5,1440.186,Fuse
30228.1,1590.477,Fuse
30279.0,1610.514,Fuse
30333.9,1442.677,Fuse
30388.2,1227.293,Fuse
30444.4,1384.219,Fuse
30497.1,1389.036,Fuse
30552.1,1393.902,Fuse
30607.2,1579.778,Fuse
30660.8,1610.727,Fuse
30713.6,1610.744,Fuse
30767.5,1610.793,Fuse
30822.6,1610.809,Fuse
30873.3,1795.965,Fuse
30928.4,1826.767,Fuse
30983.5,1970.160,Fuse
31035.5,2282.406,Fuse
31096.0,2623.291,Fuse
31157.4,2857.681,Fuse
31212.5,2415.657,Fuse
31269.4,1973.649,Fuse
31324.5,2273.378,Fuse
31379.4,2362.819,Fuse
31442.0,2397.241,Fuse
31499.5,2398.421,Fuse
31556.2,2107.949,Fuse
31611.3,1214.005,Fuse
31666.4,1306.935,Fuse
31723.1,1252.950,Fuse
31777.9,1484.915,Fuse
31851.8,1669.759,Fuse
31907.6,1688.191,Fuse
31963.0,1265.205,Fuse
32018.1,2087.305,Fuse
32073.2,2292.171,Fuse
32128.2,2326.905,Fuse
32181.3,2327.527,Fuse
32242.4,2512.355,Fuse
32295.9,2512.372,Fuse
32348.7,2543.174,Fuse
32403.7,2543.190,Fuse
32458.8,2543.190,Fuse
32513.8,2678.882,Fuse
32570.0,2661.482,Fuse
32624.3,2651.455,Fuse
32679.3,2615.345,Fuse
32730.5,2557.706,Fuse
32785.5,2627.109,Fuse
32840.6,2658.042,Fuse
32897.3,2658.222,Fuse
32952.9,2658.222,Fuse
33008.0,2639.004,Fuse
33058.9,2659.140,Fuse
33110.4,2762.359,Fuse
33165.4,2862.023,Fuse
33222.2,2859.155,Fuse
33283.4,2654.601,Fuse
33333.5,2408.890,Fuse
33387.6,2384.282,Fuse
33440.3,2326.315,Fuse
33492.3,2236.711,Fuse
33561.1,2423.341,Fuse
33620.3,2569.110,Fuse
33674.2,2733.916,Fuse
33729.3,2919.727,Fuse
33779.4,3134.210,Fuse
33830.9,3276.358,Fuse
33886.0,2647.949,Fuse
33947.3,2651.701,Fuse
34002.4,2001.781,Fuse
34057.5,2290.647,Fuse
34112.9,2532.327,Fuse
34167.9,2617.885,Fuse
34220.1,2671.542,Fuse
34278.9,2725.249,Fuse
34338.2,2744.254,Fuse
34396.6,2350.760,Fuse
34451.7,1160.856,Fuse
34501.9,1315.668,Fuse
34552.9,1425.670,Fuse
34608.0,1518.682,Fuse
34668.7,1519.190,Fuse
34719.5,1519.190,Fuse
34774.6,1608.958,Fuse
34829.4,1491.599,Fuse
34883.8,1727.791,Fuse
34938.0,1807.614,Fuse
35002.5,1944.682,Fuse
35061.2,2057.257,Fuse
35116.3,1774.584,Fuse
35167.1,1668.366,Fuse
35222.2,1708.376,Fuse
35277.8,1736.458,Fuse
35328.7,1562.034,Fuse
35387.9,1050.673,Fuse
35443.0,1503.183,Fuse
35498.0,1512.882,Fuse
35553.1,1652.294,Fuse
35605.2,1714.225,Fuse
35661.1,1729.692,Fuse
35719.3,1729.167,Fuse
35774.6,1692.647,Fuse
35827.1,1487.176,Fuse
35877.5,1500.922,Fuse
35928.9,1485.865,Fuse
35979.1,1412.530,Fuse
36030.4,1398.522,Fuse
36085.1,1374.126,Fuse
36140.4,1379.697,Fuse
36190.6,1486.995,Fuse
36241.6,1594.393,Fuse
36292.2,1770.390,Fuse
36347.3,1925.366,Fuse
36407.8,2250.850,Fuse
36469.1,2368.373,Fuse
36524.2,1933.394,Fuse
36579.3,1589.363,Fuse
36634.4,1968.374,Fuse
36688.1,2123.629,Fuse
36760.3,2215.100,Fuse
36818.4,2240.430,Fuse
36874.6,990.446,Fuse
36929.7,1203.470,Fuse
36984.8,1222.164,Fuse
37038.1,1290.895,Fuse
37093.1,1470.431,Fuse
37167.3,1568.047,Fuse
37223.3,1569.358,Fuse
37279.2,1147.978,Fuse
37334.2,1970.078,Fuse
37387.8,2071.740,Fuse
37441.7,2174.206,Fuse
37493.5,2208.940,Fuse
37548.9,2222.326,Fuse
37602.9,2264.121,Fuse
37669.5,2356.445,Fuse
37724.6,2402.877,Fuse
37779.2,2381.906,Fuse
37830.3,2353.218,Fuse
37882.9,2347.565,Fuse
37938.9,2385.953,Fuse
37995.1,2378.580,Fuse
38050.2,2379.989,Fuse
38101.3,2353.005,Fuse
38156.4,2353.005,Fuse
38211.6,2416.673,Fuse
38273.9,2485.944,Fuse
38332.1,2501.919,Fuse
38387.0,2501.919,Fuse
38440.2,2512.912,Fuse
38490.8,2486.075,Fuse
38544.3,2441.265,Fuse
38597.7,2475.901,Fuse
38653.5,2638.168,Fuse
38704.3,2758.853,Fuse
38757.5,2686.763,Fuse
38810.2,2503.459,Fuse
38861.4,2381.939,Fuse
38916.4,2470.150,Fuse
38973.7,2616.345,Fuse
39030.4,2746.286,Fuse
39083.1,2889.318,Fuse
39138.1,3030.057,Fuse
39193.2,3148.988,Fuse
39248.3,3355.410,Fuse
39298.8,2679.112,Fuse
39354.8,2683.732,Fuse
39408.3,1981.039,Fuse
39459.2,2248.262,Fuse
39512.2,2530.820,Fuse
39564.4,2614.526,Fuse
39615.1,2688.696,Fuse
39692.8,2724.512,Fuse
39753.3,2739.601,Fuse
39812.7,2335.932,Fuse
39867.8,1117.192,Fuse
39922.8,1272.349,Fuse
39977.9,1382.351,Fuse
40032.3,1475.379,Fuse
40087.4,1539.899,Fuse
40145.8,1540.456,Fuse
40200.9,1624.392,Fuse
40253.5,1691.402,Fuse
40308.6,2013.725,Fuse
40363.7,1449.001,Fuse
40418.8,1625.113,Fuse
40479.7,1651.327,Fuse
40537.0,1669.104,Fuse
40594.7,1495.810,Fuse
40647.1,1378.370,Fuse
40699.0,1446.494,Fuse
40754.1,1512.292,Fuse
40807.9,1640.235,Fuse
40863.0,1663.484,Fuse
40921.6,1663.779,Fuse
40976.3,1663.795,Fuse
41029.7,1663.795,Fuse
41084.7,1848.934,Fuse
41136.3,1879.736,Fuse
41188.0,1967.686,Fuse
41248.6,2282.832,Fuse
41307.8,2541.519,Fuse
41360.8,2527.265,Fuse
41415.9,2369.602,Fuse
41471.0,2365.751,Fuse
41522.4,2398.142,Fuse
41596.6,2000.372,Fuse
41656.0,2295.431,Fuse
41707.0,2059.452,Fuse
41760.3,2372.502,Fuse
41813.3,2385.379,Fuse
41868.5,2393.604,Fuse
41945.9,2402.828,Fuse
42004.5,962.740,Fuse
42059.0,1228.587,Fuse
42109.3,1335.738,Fuse
42164.4,1368.883,Fuse
42219.0,1424.114,Fuse
42274.1,1588.969,Fuse
42339.8,1708.261,Fuse
42427.0,1287.782,Fuse
42482.1,2109.915,Fuse
42533.7,2279.539,Fuse
42588.8,2344.813,Fuse
42641.0,2350.137,Fuse
42693.2,2534.818,Fuse
42750.8,2542.846,Fuse
42803.1,2558.247,Fuse
42858.2,2565.947,Fuse
42914.8,2547.974,Fuse
42969.4,2544.009,Fuse
43024.3,2545.697,Fuse
43081.3,2522.726,Fuse
43141.2,2518.008,Fuse
43196.3,2499.445,Fuse
43251.4,2493.678,Fuse
43301.7,2520.646,Fuse
43356.8,2528.346,Fuse
43408.3,2580.660,Fuse
43464.1,2362.802,Fuse
43522.1,2106.458,Fuse
43575.9,2185.921,Fuse
43631.0,2325.217,Fuse
43685.6,2553.102,Fuse
43735.7,2665.300,Fuse
43798.5,2565.784,Fuse
43854.9,2254.471,Fuse
43909.8,2171.863,Fuse
43963.1,2317.697,Fuse
44013.5,2421.899,Fuse
44063.7,2521.252,Fuse
44117.6,2648.588,Fuse
44183.3,2847.113,Fuse
44243.2,3044.180,Fuse
44298.3,3144.647,Fuse
44353.4,3228.107,Fuse
44407.4,3372.368,Fuse
44459.1,2627.437,Fuse
44514.2,2627.437,Fuse
44581.2,1870.381,Fuse
44636.2,2145.960,Fuse
44691.4,2422.374,Fuse
44746.6,2551.808,Fuse
44801.8,2604.335,Fuse
44856.2,2639.233,Fuse
44920.6,2709.471,Fuse
44988.3,2748.826,Fuse
45047.0,742.687,Fuse
45102.0,1262.518,Fuse
45157.1,1325.924,Fuse
45211.0,1435.779,Fuse
45266.2,1528.775,Fuse
45326.0,1577.550,Fuse
45385.4,1593.655,Fuse
45440.5,1624.310,Fuse
45495.6,1705.198,Fuse
45549.1,2066.940,Fuse
45602.4,1784.250,Fuse
45654.3,1681.162,Fuse
45712.7,1701.282,Fuse
45774.0,1715.667,Fuse
45828.3,1006.125,Fuse
45883.4,1484.997,Fuse
45938.5,1490.256,Fuse
45993.6,1676.132,Fuse
46048.3,1707.114,Fuse
46103.3,1707.327,Fuse
46161.3,1707.360,Fuse
46216.3,1707.377,Fuse
46271.4,1892.565,Fuse
46326.4,1923.383,Fuse
46381.5,2099.806,Fuse
46447.2,2512.830,Fuse
46506.3,2849.849,Fuse
46557.6,2910.470,Fuse
46608.4,2850.357,Fuse
46663.5,2408.202,Fuse
46714.7,2071.626,Fuse
46769.8,2348.990,Fuse
46830.2,2373.796,Fuse
46893.2,2397.356,Fuse
46958.5,2112.766,Fuse
47013.7,1243.218,Fuse
47069.0,1336.164,Fuse
47124.0,1438.106,Fuse
47179.0,1523.663,Fuse
47240.4,1719.353,Fuse
47301.4,1732.002,Fuse
47399.1,1312.145,Fuse
47454.5,2134.409,Fuse
47511.2,2339.275,Fuse
47562.7,2374.009,Fuse
47617.8,2377.040,Fuse
47673.7,2561.753,Fuse
47733.5,2561.753,Fuse
47788.6,2569.470,Fuse
47843.7,2592.571,Fuse
47898.7,2572.861,Fuse
47953.8,2597.356,Fuse
48005.7,2618.130,Fuse
48061.9,2617.131,Fuse
48115.8,2611.790,Fuse
48170.8,2591.457,Fuse
48225.9,2561.606,Fuse
48277.7,2578.989,Fuse
48332.7,2557.903,Fuse
48386.1,2534.916,Fuse
48444.0,2534.916,Fuse
48496.3,2580.709,Fuse
48551.4,2774.876,Fuse
48606.5,2633.662,Fuse
48661.6,2622.849,Fuse
48716.0,2643.345,Fuse
48773.7,2640.478,Fuse
48828.8,2551.955,Fuse
48878.9,2524.021,Fuse
48930.2,2370.404,Fuse
48981.7,2354.692,Fuse
49035.2,2427.273,Fuse
49097.9,2661.990,Fuse
49155.8,2831.352,Fuse
49208.2,2985.427,Fuse
49263.3,3224.830,Fuse
49318.3,3451.175,Fuse
49373.4,2803.171,Fuse
49428.5,2841.575,Fuse
49489.8,2176.287,Fuse
49548.0,2484.486,Fuse
49603.0,2734.359,Fuse
49658.0,2833.285,Fuse
49713.1,2867.102,Fuse
49766.0,2891.022,Fuse
49839.5,2904.113,Fuse
49896.9,2496.397,Fuse
49949.8,1205.780,Fuse
50000.3,1363.214,Fuse
50057.7,1483.833,Fuse
50112.8,1530.298,Fuse
50167.8,1576.829,Fuse
50228.9,1657.324,Fuse
50290.2,1621.705,Fuse
50345.3,1988.313,Fuse
50400.4,1822.671,Fuse
50453.8,1716.748,Fuse
50508.3,1724.285,Fuse
50560.4,1560.723,Fuse
50618.2,1104.216,Fuse
50674.7,1444.151,Fuse
50729.8,1514.242,Fuse
50784.8,1607.205,Fuse
50835.5,1715.618,Fuse
50890.6,1731.101,Fuse
50946.5,1731.412,Fuse
51004.4,1731.412,Fuse
51059.5,1765.294,Fuse
51114.5,1923.367,Fuse
51169.7,1947.402,Fuse
51221.7,2132.378,Fuse
51276.7,2536.227,Fuse
51336.9,2932.474,Fuse
51394.8,2978.431,Fuse
51449.8,2536.440,Fuse
51500.4,2373.026,Fuse
51555.4,2481.652,Fuse
51607.8,2511.028,Fuse
51715.9,2530.918,Fuse
51774.3,1314.636,Fuse
51830.2,1343.029,Fuse
51885.3,1435.976,Fuse
51940.3,1528.807,Fuse
51995.3,1613.595,Fuse
52050.5,1777.287,Fuse
52126.7,1784.513,Fuse
52188.9,1281.917,Fuse
52244.4,1283.539,Write
52295.9,1618.231,Write
52352.1,1630.831,Write
52409.2,1814.790,Write
52460.3,1639.825,Write
52536.3,1643.020,Write
52596.2,1917.567,Write
52657.4,1657.766,Write
52707.9,1680.294,Write
52760.9,1750.516,Write
52812.3,2018.099,Write
52863.8,1687.634,Write
52919.0,1710.932,Write
52983.8,2029.093,Write
53044.4,1697.743,Write
53099.5,1703.346,Write
53154.9,1956.217,Write
53206.7,1709.031,Write
53260.0,1717.502,Write
53313.1,1999.421,Write
53394.3,1726.153,Write
53458.3,1883.505,Write
53518.7,1733.935,Write
53573.8,1734.869,Write
53628.6,1740.669,Write
53680.3,1740.685,Write
53739.6,1980.400,Write
53832.5,1755.447,Write
53892.3,1820.410,Write
53949.0,2097.021,Write
54006.6,1766.425,Write
54061.7,1801.716,Write
54115.4,2093.187,Write
54168.8,1729.298,Write
54222.8,1729.823,Write
54303.4,2077.934,Write
54364.7,1745.977,Write
54416.4,1766.359,Write
54478.4,2079.556,Write
54532.4,1755.398,Write
54584.6,1768.227,Write
54640.3,1856.242,Write
54695.5,1753.563,Write
54750.9,1753.842,Write
54805.7,1753.989,Write
54863.5,2051.883,Write
54923.8,1762.869,Write
54975.6,1770.734,Write
55026.9,1901.593,Write
55077.8,1780.466,Write
55131.8,1780.466,Write
55185.2,1789.641,Write
55258.5,2042.626,Write
55317.2,1707.114,Write
55377.9,1732.493,Write
55431.3,2024.407,Write
55485.1,1724.613,Write
55540.3,1724.727,Write
55593.3,1924.104,Write
55648.3,1718.452,Write
55709.5,1724.137,Write
55764.3,1724.219,Write
55827.1,2044.330,Write
55882.2,1739.670,Write
55933.8,1755.988,Write
55984.4,2052.702,Write
56039.5,1766.982,Write
56138.6,2022.310,Write
56195.8,1809.695,Write
56257.8,1654.571,Write
56310.9,1742.897,Write
56367.2,1888.387,Write
56422.4,1575.813,Write
56475.8,1588.838,Write
56533.4,1663.369,Write
56596.4,1882.505,Write
56656.0,1549.730,Write
56717.7,1553.809,Write
56773.0,1757.151,Write
56824.1,1541.194,Write
56878.5,1541.833,Write
56933.9,1522.582,Write
56987.0,1545.322,Write
57049.8,1786.446,Write
57110.7,1528.021,Write
57170.4,1530.708,Write
57234.9,1640.448,Write
57290.6,1514.340,Write
57345.7,1536.770,Write
57400.7,1771.667,Write
57455.9,1510.031,Write
57510.8,1530.102,Write
57572.1,1516.405,Write
57633.4,1516.716,Write
57689.7,1643.774,Write
57747.5,1436.713,Write
57801.4,1440.530,Write
57854.9,1442.988,Write
57907.7,1529.709,Write
57964.9,1710.834,Write
58031.2,1376.616,Write
58102.5,1396.277,Write
58155.8,1497.661,Write
58209.6,1228.308,Write
58265.3,1236.451,Write
58318.2,1259.520,Write
58368.8,1352.712,Write
58429.1,1218.494,Write
58489.9,1237.910,Write
58543.6,1259.422,Write
58600.8,1281.442,Write
58665.5,1392.312,Write
58720.8,1090.781,Write
58776.7,1105.265,Write
58829.4,1173.029,Write
58884.2,949.633,Write
58962.9,952.058,Write
59028.5,1188.151,Write
59091.0,1131.201,Write
59150.2,1159.365,Write
59206.0,1254.425,Write
59259.0,1081.262,Write
59313.9,1051.754,Write
59369.9,1166.574,Write
59425.3,915.259,Write
59481.1,928.678,Write
59536.2,928.678,Write
59589.7,1006.305,Write
59644.8,1099.268,Write
59698.6,1103.561,Write
59751.6,1106.395,Write
59806.0,859.881,Write
59875.2,875.217,Write
59945.5,987.202,Write
60000.9,1046.823,Write
60053.7,1062.076,Write
60109.6,940.163,Write
60166.8,997.884,Write
60219.0,1130.217,Write
60288.9,1133.986,Write
60346.2,1133.986,Write
